Batch_ID,Temperature,Pressure,pH,Mixing_Speed,Energy_Used,Quality_Score
1,184.96714153011231,34.630887737658206,7.699677718293001,1277.8361076166639,466.24108625128093,86.90358214076447
2,178.61735698828815,39.54708320235065,7.462316841456384,1144.8814283671466,492.7740664642241,86.75868957865558
3,186.47688538100692,23.007162130904295,7.029815184960087,1118.1801116577692,460.37900395000196,86.38120082509693
4,195.23029856408024,32.81484618345286,6.6765316111472135,1199.6625542589047,484.601923518048,80.33751330820297
5,177.65846625276663,26.746787154390866,7.349111656806795,1182.9815377475072,405.3192666523107,92.65969512312351
6,177.6586304305082,27.56437308117652,7.196742692710875,1154.6771950672726,510.66468536864693,94.23929004813033
7,195.79212815507393,27.038030378805654,7.447596610013866,1269.6387447456716,500.0602737681112,79.0079191736624
8,187.6743472915291,25.68004615160092,7.317585900840985,1295.530520857051,459.14556844659046,86.4177693558669
9,175.30525614065047,30.242608139724133,7.524776357659667,1208.8406886291848,532.9622834216202,92.43876621262801
10,185.42560043585965,25.84524941794481,6.732382394219716,1347.753008105526,546.8785068813279,89.08156095318374
11,175.36582307187538,31.352284128899193,7.658697032817162,1085.8310885866495,419.6220067815513,90.72005377889039
12,175.34270246429742,29.748809452754315,7.0987998023462,1180.6340540720282,461.8637610716893,94.59751290532074
13,182.41962271566035,28.80525976566795,8.037630436312632,1128.3177679397195,461.5428825106351,91.19748486844443
14,160.86719755342202,25.46218168979201,6.655406090955216,1013.346338292694,453.0048449445568,74.6064096979901
15,162.75082167486968,27.116143347158335,7.867981901582625,1191.73193141573,541.4737420965874,75.52705551411489
16,174.37712470759027,33.77695612912878,7.098955391731324,1187.8252491616715,490.3086930613598,90.10539161980488
17,169.87168879665577,32.504585938121906,6.674290998192776,1351.3449743242131,486.77425793446946,85.73855784949775
18,183.14247332595275,25.112223776007244,6.758057082972839,1263.0811684554778,399.8068817796623,90.76003586491869
19,170.91975924478788,30.49666152714613,6.83982634590284,1097.5813175670796,531.7709015104613,89.62222944715596
20,165.87696298664707,33.75693561685895,7.212082973200959,1385.4092566334189,438.03708025732635,81.05961250378333
21,194.65648768921554,21.652973594393142,7.261417744017749,1322.1033695525352,502.9966315133164,75.68939718508886
22,177.74223699513465,32.71680096189967,6.71314999803071,1258.2097703468617,513.8688468979096,93.59118602338852
23,180.67528204687923,26.686881205270765,6.987822703869509,1177.3515901150167,568.0329297919326,95.95071267773908
24,165.75251813786542,32.852993342965796,8.071135179305932,1104.0560763276521,434.5589800440444,77.54384889836997
25,174.55617275474816,26.183704217287417,7.863771585050356,1162.7793223928948,349.0243922089587,86.4210190467838
26,181.10922589709867,20.975589496677404,7.218161834837016,1308.8748619704186,509.1924772376847,88.77555442539365
27,168.49006422577696,21.862287810584185,7.0190017390841,1388.4586305934608,590.0255590755427,80.25734334094064
28,183.75698018345673,30.24042473330691,7.06001566335913,1354.324352827219,561.9473176469719,95.70251676644071
29,173.99361310081196,31.29861250860741,7.3067589863652085,1151.1150578213726,510.4829707637313,91.16120566037851
30,177.08306250206724,25.478416874477958,6.488603717400797,1088.038256671099,475.4181907183976,90.00449796354918
31,173.98293387770602,33.19296229388687,6.871311731288327,1214.0886246911205,540.3561298318655,90.14653024026079
32,198.52278184508938,21.6923996886552,6.165707963061205,1023.1560634437149,451.3226900147766,68.99815765887185
33,179.86502775262065,29.66960100676342,7.19961156130264,1232.316771418478,523.8178884678109,98.53657095287086
34,169.42289071044098,23.944919001187717,7.32359796985137,1185.239741370133,525.2735079583314,81.74981986237185
35,188.2254491210319,26.740819460989204,6.758406768850313,1153.3963498131757,553.010495374944,87.30740418420888
36,167.79156350028978,30.23699335658207,7.786993381645017,1040.5296932733204,637.983001945554,83.61960323548263
37,182.08863595004755,25.69793317358024,6.387117168498829,1251.3600106569716,519.6207983589384,90.54488306602684
38,160.40329876120225,28.077222278850872,6.26781255989509,1146.7299160338089,474.5518187146251,74.81958383952856
39,166.7181395110157,35.0314640460722,7.112225909279986,1083.0083164289713,498.7212843904003,81.12554591854357
40,181.96861235869125,27.115540652384254,7.523549151306077,912.7737786718351,411.54620475554407,92.52918253716263
41,187.3846657999541,34.17846056032571,7.841963845728935,1197.2485094949363,465.26434344554707,84.22705441107553
42,181.7136828118997,24.351465726711908,6.77055786856553,1377.2251596669744,479.5358780943448,91.49057225763985
43,178.8435171761176,32.64902088957641,7.539340416715648,1366.125921454787,473.79558010327037,93.49779420296294
44,176.98896304410712,37.207843103289505,6.9807457652496465,1154.2903743413729,507.6177436016861,89.68484876706584
45,165.21478009632574,17.641777499363553,6.91368635002959,1139.778793963822,458.87900338088997,72.42498934583725
46,172.8015579160529,26.015523722647615,7.4418299687433365,1246.8774256075023,556.0515333662236,86.60793179498383
47,175.39361229040213,32.8853606359027,7.32616143920671,1100.1614560811709,500.01035324590987,90.87744445846589
48,190.57122226218917,28.984773069785035,6.211803921507875,1230.1791899819466,499.5349839430693,84.47257041513524
49,183.43618289568462,31.855729366856544,7.738270174862948,1276.608027838469,483.6052641743541,91.0167368631441
50,162.36959844637266,26.980074066420897,7.6900456770737255,1322.6933223884307,507.75953419294893,75.89944412742493
51,183.24083969394795,30.4329489373645,6.687218649245235,1189.9845923520047,541.2549132333818,94.76230461491373
52,176.14917719583684,29.221613823039604,7.197901766718704,1179.6326249823035,456.643489214455,94.38128218528293
53,173.2307799969404,35.838910308299035,7.2470150931413695,1112.2017413243439,467.0941755462372,86.15679422293454
54,186.1167628884087,31.272104216506065,7.130336882911953,1117.311964596014,484.81369856116675,91.95944848052548
55,190.30999522495952,31.68801331037601,6.72484742307729,1177.3521108098473,432.70645382633927,86.62622858005092
56,189.31280119116198,27.940615169387662,6.664188316030974,1236.7365506816177,459.0371070139251,86.94875555838054
57,171.60782476777362,27.561968879637533,6.987222964504277,1291.3584626233248,476.18895632276707,89.10590846993254
58,176.90787624148786,27.837209060901895,7.586364509629682,1119.6821049319656,543.7194590356364,91.81326275424135
59,183.31263431403565,31.972260711891483,7.2718000772972164,1349.2688568959522,513.1280664500963,93.35610458758678
60,189.7554512712236,27.895077595898684,6.814692833956947,1172.8876398957432,509.6794955683772,87.21309049445983
61,175.2082576215471,31.448874284482066,7.385849355324172,1197.8632705651564,542.5448981083986,91.83013656044417
62,178.14341023336183,40.37700399322719,5.575728689684962,1125.2788320852176,493.13141058003015,80.64504968855945
63,168.9366502599397,34.35562351715846,7.574382850186051,957.5759739727058,519.5232424964445,81.70911249185099
64,168.0379337591933,28.369882339160796,6.13014311061095,1288.404539636105,494.8389123533752,82.05853165140884
65,188.12525822394198,36.00606961081972,6.818779529298434,1273.6843897092433,513.2681174699815,84.96256981173046
66,193.56240028570824,27.959623134892244,6.440165052686928,1171.8672442881787,470.8620671194209,81.59804811261864
67,179.27989878419666,19.80937732411073,6.3526592621395475,1206.6990717224871,378.05914208617855,85.85257241900513
68,190.03532897892023,24.95956844541298,7.58041339368926,1251.59392177041,493.28604189068477,82.02217249804644
69,183.61636025047633,20.646040394870724,6.766149399344054,1043.7454143113457,571.137406804997,85.86042714111466
70,173.54880245394875,28.24243257979346,7.173251940865358,1147.0947322653706,546.3107701120796,90.92497532941542
71,183.61395605508415,30.092091895947757,6.976539710560408,1279.4264679621826,548.2698742295586,96.17665060177013
72,195.38036566465968,38.382186561376415,7.23852041361156,1074.571057683075,561.8065360903109,75.04484570590611
73,179.64173960890048,31.634636868820813,7.038410945530128,1229.355793216663,504.43287954807187,97.81504801242902
74,195.64643655814007,28.90449735595568,6.358503887905715,1064.3418195376594,509.86578537027975,80.05058023734419
75,153.80254895910255,34.14702790591745,7.49813340972357,1246.6429982433526,469.1174052282825,67.16485400456726
76,188.21902504375223,18.944323454960575,6.753121708419344,1196.4358517702517,484.1963571986475,79.49090695330506
77,180.87047068238172,31.178072790542828,6.221709050670125,1038.4868184094491,530.7885574885571,94.06000178042608
78,177.00992649534132,33.85432596943483,6.785942419517044,1316.4739354457172,560.1942218584409,92.08531262349172
79,180.91760776535503,22.607068771100792,7.750379895317155,1126.540842320195,493.02768621595004,87.93756152915998
80,160.12431085399106,35.71877021603464,7.425110871056747,1118.974756298562,477.4905367574294,72.27998628267268
81,177.80328112162488,31.69248203747207,6.825673932796071,1220.0569197230943,500.0263979428299,95.23916874813315
82,183.57112571511746,27.923560430495993,6.8253711478407855,1314.8637349428716,530.0603374464557,93.47929045458247
83,194.77894044741515,33.163909330531425,6.8391824743913086,1098.4178181021603,427.8072591933229,81.25306259400996
84,174.81729781726352,41.35346428902198,8.038373991780421,1206.1679849847972,385.19095234313806,78.27196356933943
85,171.91506397106812,30.909331275292477,7.190967726115777,1242.8816500330572,472.47315752542085,90.05089406519676
86,174.98242956415464,31.24110293150168,7.215020823595535,1269.3105607263144,438.9643787042921,92.6662225146753
87,189.15402117702075,27.70319550229878,7.515141727015921,1217.6441555277224,474.5929901176345,85.97346569019842
88,183.28751109659686,25.75077815267604,7.119394579513257,1163.2972160916677,492.61098405912645,91.8662941585129
89,174.7023979623296,34.15167908272123,6.870478927089648,1117.240977935128,477.3375795488493,89.9031135150566
90,185.13267433113356,25.719580870455665,6.901825075457511,1208.6143883046375,572.6233767235373,90.09603191660968
91,180.9707754934804,30.357831186096963,6.964199370292968,1092.7860988014393,516.337238230116,98.49239017188748
92,189.68644990532889,27.611712766174417,6.9813888817450795,907.8649516505393,515.0237179805414,87.83220726957093
93,172.97946906122647,32.39489912873196,7.36381477181849,1243.6559804157669,531.1103572021701,88.76549607340206
94,176.72337853402232,31.66831052643474,7.02597294290365,1290.3934841086195,443.05834411096157,94.92520329306933
95,176.0789184686784,35.1876997212895,7.36632003860779,963.7067564458162,551.9555893710134,89.05961855434995
96,165.36485051867882,27.449918005726264,6.959641709945709,1099.0269295290063,496.211785673227,82.61297707413362
97,182.96120277064577,28.650625323533145,7.039317595158045,1261.9154261005199,533.5240308620606,95.49283457709716
98,182.61055272179888,25.106181421088465,6.000899657733946,1405.7495469711698,446.40713834799226,87.5001269879593
99,180.05113456642462,27.77853369961944,7.458163837351241,1202.0793707675407,422.31206169919676,95.43657994643861
100,177.65412866624854,31.88650246522426,7.173244237948996,1127.1997058770867,540.8944829012514,94.90140501127931
101,165.84629257949587,33.78494308322676,7.499005054929826,1181.710355889516,518.8204763048758,79.56632422161998
102,175.79354677234642,25.389173379111874,5.551872310903155,1337.4876419148186,454.89742228212447,83.94208170597406
103,176.5728548347323,34.3480296005283,8.044187352390363,1135.4035820875465,456.51684593626527,87.0038884722522
104,171.9772273077838,36.778189294024756,6.930205185922413,1120.0807993349747,556.2717392207385,84.85006394337111
105,178.38714288333992,32.067174516118506,7.554091408368758,1151.7256477817969,440.5294053566336,93.54951132537762
106,184.04050856814538,39.38397906279033,6.4800470364372345,1104.6671391741288,582.1336476627981,83.97574755125046
107,198.8618590121053,26.131054004482134,7.306386952531285,1212.2670315994797,454.96896326760657,75.73726022972042
108,181.7457781283184,23.776726483442914,6.473292218413172,1362.4678458469562,531.9195962804191,89.39740944719038
109,182.57550390722764,21.106398755478608,6.688115519652097,1232.307927311603,483.5690762125508,86.97147244651146
110,179.25554084233832,37.480221557445915,7.957015676933393,1174.7646497873711,530.1593715541171,86.99024090022544
111,160.8122878470096,33.27182828177029,6.904658799618327,1170.8188731084456,472.79429989429036,77.06375356333093
112,179.73486124550783,29.722076645447725,7.108716436589861,1043.6809191303344,491.8603546963853,98.91335570800625
113,180.60230209941025,31.399843131599102,7.435033865344377,1288.3109777147158,502.04595876978607,95.82268544226876
114,204.63242112485287,24.372554763508116,7.2478409439863025,1192.2162802987198,449.89062721092637,68.50092891872374
115,178.07639035218878,42.228759898084135,7.075209452571788,1181.9520086409375,537.0412172710063,85.4715831912457
116,183.01547342333612,30.646105909876137,7.182480501233113,1519.310756784486,474.33932167642075,95.42601816062218
117,179.65288230294757,30.546973973024464,8.201707792619137,1229.8752908365686,488.57000423299905,93.09736936682742
118,168.31321962380468,33.62883311949346,6.971190601483207,1124.8208949904815,450.2825312695744,84.54033951172725
119,191.4282281451502,32.40504615868357,7.100549523357484,1157.3642403794456,371.8833170602345,85.66397807937881
120,187.51933032686773,31.119420121395656,7.525327198003806,1314.8445709196756,490.44861186999157,88.7346135617176
121,187.91031947043047,26.04762772277344,7.552762966478992,1211.3270410537764,620.6307710806458,85.37349341994802
122,170.9061254520526,32.35734178567998,7.59351515278019,1056.1722021682633,539.2302143949012,85.58120790247168
123,194.027943109361,39.41012248237517,7.3193651110145925,1291.9228934575203,499.03698101328024,74.96510885319087
124,165.9814893720772,36.72710023077489,6.428497543634759,1133.1855914461007,486.8554585395866,76.39687685947611
125,185.8685709380027,37.965933133196984,7.816715766150548,1387.3297776217546,501.1232946406023,82.08191709804757
126,201.90455625809977,27.443921617844076,6.426827303490656,1308.0048065714648,527.3559557587605,72.67350187719758
127,170.09463674869312,25.051975898707095,7.151317732619517,1155.2678104341248,440.9593592345578,84.39002398430263
128,174.33702270397228,29.37106539950176,6.622862074990321,1328.1016361735112,555.7160847334436,91.82239847842564
129,180.9965136508764,30.278624561443472,6.967930826703504,1206.7855510527404,535.7690657720622,98.56451592119762
130,174.96524345883802,35.47095759235474,7.164381205151741,1285.2773675122219,535.9092862853968,88.67237984072456
131,164.49336568933867,21.537676851425903,7.160678607725137,1248.4732817294475,521.9237869404864,75.22764950213889
132,180.68562974806028,37.64775159730307,7.210960377117642,1115.3643345009127,500.9808328846995,90.61181676904845
133,169.37696286273896,29.209960507105052,7.806855634529324,1135.6450167682538,533.643061798341,84.55264519719739
134,184.73592430635182,27.8655946502629,7.22676715075699,1302.9960817581161,529.5907066870689,91.99583459012612
135,170.80575765766196,24.93947812369916,6.877921682354676,1166.5224667893458,482.2979644529488,85.1348441931345
136,195.4993440501754,21.725716640671152,7.482043584144178,1159.6351536758004,471.31991135515494,73.81615466977485
137,172.16746707663762,34.11585291980957,7.594735244462321,1104.4877420650646,505.09281476309934,85.07793793451646
138,176.77938483794324,30.36658983594202,6.386196092431504,1242.3599065593462,577.4510075747594,93.34377546415874
139,188.1351721736967,23.55019550129473,7.298700034924929,1406.2524919243144,438.04464621730494,83.92152315297338
140,167.69135683566046,23.52460613968192,7.350586371155449,1093.2467085745727,426.623736712378,79.46303111956513
141,182.2745993460413,28.32107650354936,6.851218248320004,1202.4219456672758,508.2380420618258,95.30256839910808
142,193.07142754282427,38.34510762644696,7.68785340665581,1341.2220555415429,502.5443850928009,75.14419779744972
143,163.92516765438774,28.702043243181976,6.924972206483736,1192.0358608754284,508.6670832185204,82.25207192998839
144,181.84633858532305,22.48428523440947,7.062788226735771,1245.2371796249734,512.197659895425,90.32400551540756
145,182.59882794248423,28.77128467957028,6.913464087858065,1093.760647185312,488.83988726825976,95.73977717637636
146,187.8182287177731,28.636382151261646,7.007789523790734,1242.8307097207648,574.4931719301042,90.77920581453486
147,167.63049289121918,16.515566785292144,6.451862456552399,1181.285573499545,419.95480107617425,71.40537195927332
148,166.79543386915725,29.72852566741094,6.279974558702853,1298.5729995679862,458.5751487609877,82.92383233008245
149,185.21941565616896,28.84532734895661,7.797252531612486,1318.7386051564752,494.8372619925476,89.63964903472521
150,182.96984673233186,33.48103182406709,6.576519325840836,1458.9563642018613,417.84055944229164,91.43171807280524
151,182.50492850345876,39.244780474726724,6.504303825271847,1257.9633173213576,491.20727977839647,85.77181014817376
152,183.46448209496975,35.632825147738785,5.923304943198143,1232.5796316582166,583.073508286401,85.51921747328217
153,173.1997527842151,28.655556547225846,6.680519126155249,1219.4384301577336,501.0443244147981,90.25790496221718
154,182.32253697161005,24.467370456291647,6.338455103296251,1164.6833707189312,511.5350452859342,88.83710900116286
155,182.93072473298682,42.8667990162493,7.821007580068184,1233.848384346169,436.99176174137096,80.09743835042296
156,172.85648581973632,30.29609217007244,7.504908544671317,1170.459858986097,469.1819295980261,90.03585092630729
157,198.65774511144755,30.06964645956473,6.6559248274111384,1216.8460976269614,481.24018098380316,79.55223256604341
158,184.73832920911786,29.879374564449982,8.126217902672154,1331.759753560796,484.1142451621883,89.50995584197135
159,168.08696502797352,30.990423803839274,7.490882743495797,1099.3457434720358,564.0821897501885,84.64212750665526
160,186.56553608633828,29.278197940380288,6.837584308245689,1313.9878561129046,527.8845530362562,91.90058339527046
161,170.2531832977268,27.131689965598817,5.7502971425632134,1331.7115067339864,444.4271021531484,81.13635897614166
162,187.8708460374245,27.26570529379804,8.14547128629537,1188.1931473008922,512.3252389216002,83.66750282489667
163,191.58595579007405,29.836233648920008,6.305213766618202,987.8145100991405,524.9110874248393,84.77634669193696
164,171.79317681648288,27.282876144331176,6.177300626521554,1139.2178012905567,557.0074519260634,84.96255609342182
165,189.6337612924432,26.435771086614178,7.51128521600482,1329.699454656111,579.0270343284187,84.24558371414687
166,184.12780926936497,30.532151138459483,8.219876203169637,1197.7131937701117,449.2452904086066,89.24065857632736
167,188.2206015999449,28.725113912895722,7.692136409255259,1100.069776770509,459.4571244394831,87.04383026667453
168,198.9679298265395,37.51996494291345,7.28195456002618,1149.5225078771782,437.1211070542692,72.10233243041617
169,177.54611883997129,16.74515095803494,7.297377170832643,1284.0620026504553,488.2990070446509,82.804383943843
170,172.46263835642512,35.45753425961231,7.426707779390154,1254.673356820138,523.3179187223167,84.87156519986203
171,171.10485570374476,36.23042596248815,7.379464294893382,1176.1067900830305,549.366725829455,82.97710826678971
172,171.84189715034563,19.63304883795925,7.1405957119846875,1163.3175588185313,496.20244881787386,80.77196742838144
173,179.22898290585897,28.286562029598258,7.052100551975938,1160.8241850956178,484.0076238372578,97.25504217557754
174,183.41151974816643,28.142795670021044,6.968703436050239,1107.7589815501497,507.587899612437,94.57479310210582
175,182.76690799330018,22.962441526410892,6.623017705566662,1361.5375689469442,458.24285491849884,88.31062206094401
176,188.27183249036023,26.110916562045624,6.859662461566613,1167.767953078866,604.4769360847387,87.13739637951845
177,180.13001891877906,24.447120772670857,6.153521592902307,1321.7158520825496,419.6169486440971,90.08470981840334
178,194.53534077157317,38.761352217118116,6.950830186602625,1352.1316051922452,509.23702894478623,76.45745794432183
179,177.35343166762044,34.678391965737305,6.5057044464245415,1299.831089814796,601.180310961482,90.20356193400585
180,207.2016916658962,36.35777547497079,6.448205341392114,1156.8379687281952,500.3399922279999,63.68155956609358
181,186.25667347765005,33.60836032021618,7.089947075576739,1240.373009033661,490.49804824992526,89.68523082425007
182,171.42842443583717,24.354741143913856,7.6960011431723,1197.5804393609085,482.1277288594786,82.30315986388953
183,169.29107501938887,27.37739866860113,7.459158303001156,1109.6298139269873,490.9804159118796,84.37268217298423
184,184.82472415243186,32.44687280613959,6.214749698188411,1232.4359281721604,568.6424237338265,88.8021515323706
185,177.7653721467415,23.889360955540273,6.5051859317148315,1082.0960208840197,389.4069044335247,89.18066276085592
186,187.14000494092093,33.56499215086194,7.4703855939941075,1318.7679388461563,576.6716850648163,86.9430749382466
187,184.73237624573545,28.798373009209325,6.508756303230845,1153.5382702701606,428.8021423774927,91.6097782796281
188,179.27171087343126,28.125895962252013,6.887683425001487,1220.1159655872839,486.66738353827924,96.83602396069071
189,171.53206281931594,33.554799841017456,7.275026049512276,1228.3287871546142,478.5377789850669,86.60213273073711
190,164.85152775314134,32.2213165574302,6.515827772568183,1174.1095026295923,529.427663488536,80.20935005855205
191,175.53485047932978,28.1951691709046,7.05268775307298,1258.6693801475274,420.0937824058126,93.46658088486947
192,188.56398794323474,35.79664901682124,6.332987252540898,1152.5096343377475,523.1086333040971,82.3042993026485
193,182.14093744130204,24.594683362000513,6.699316178024393,1287.1297297457245,601.2154811643426,90.95032681082043
194,167.54261221288013,33.07967803472132,7.159890967071268,1065.4020319753251,431.84129977035946,83.66347934280246
195,181.73180925851182,32.96550628984192,6.2035031332341655,1212.6379579546413,509.48530838051977,91.32020011781708
196,183.85317379728838,28.452267803430047,7.220237368980199,1393.8928999058285,466.90089111016954,93.49790716124068
197,171.16142563798866,31.63066511121059,6.99018110053666,1099.9668675394425,521.2943603096518,89.48166602946137
198,181.5372510594553,23.744432118073483,7.276244977208574,1132.2255029475148,500.9573888707876,90.82595617257533
199,180.58208718446,34.6201350960345,7.111957067032331,1251.3907849658915,467.9256545477845,94.23799238434385
200,168.57029702169376,29.075489317785056,7.682070214986922,1217.9581781939598,524.3936142435537,84.23543526454421
201,183.57787360348283,27.386384897404803,7.062612251323953,1235.063009927356,590.2174054893371,93.49545003730222
202,185.60784526368235,35.245046129184445,6.785297229437374,1248.9187130147664,490.4548104136351,88.07359475432007
203,190.83051243175277,26.478281547286205,7.061148751516142,1263.472146856177,535.9878971074091,85.34202535795272
204,190.53802052034902,22.957693518182204,7.271649014518194,1310.9699841956224,435.33635210644184,81.0614279252422
205,166.2233063204291,22.216854132380483,7.024430035162852,1240.9818656928512,452.17818115909955,78.31801027699532
206,170.62174960084877,33.0300497567282,7.020295845601941,1175.8742345381459,523.6203138940189,87.49022061611086
207,185.1503526720866,23.597853237518585,6.649004156096622,1267.2573701202732,574.2058014267982,86.69252134591511
208,185.13785950912208,38.77397090992182,6.668549541224526,1389.9881934895216,517.780667439283,84.43091728707874
209,185.15047686306048,19.59035296058139,6.298697364100153,1186.7366253617427,484.34709847384227,80.93336291802167
210,218.52731490654722,38.48228184145019,7.8747883715934694,1102.547069532936,499.9645702711677,48.61646139403525
211,185.70890510693167,31.05508733601309,6.378068382304358,1310.7080669286972,437.4796133015141,90.12634946857703
212,191.355656401806,29.516434440648037,6.653547401102046,1187.9618836046402,530.2257663177684,86.42851504435228
213,189.540017634932,27.275404565955252,6.640796367215401,982.7330453985963,544.1166531161705,85.93936876710025
214,186.513912513058,31.995680571760353,7.447462188472221,1284.7421677150421,477.395483358346,89.25309597282056
215,176.84730755359655,29.81182648787576,6.852525160853986,1146.4671814046078,476.49789261202494,95.92175984574224
216,187.58969220493267,35.516509410082605,7.623871036336867,1190.9466717695839,513.2939114826024,83.77444320330038
217,172.2717478546243,30.571138243310198,6.663254687878066,1233.1980330569015,478.16401319797023,90.01688305070442
218,177.63181393259993,30.75150880730939,7.139497081111901,1219.0499679779066,496.69336926870886,96.18281971973103
219,175.14636452170896,28.18193893893072,6.582326473370121,1270.945181713904,604.9860894583258,91.2399358274903
220,180.81874139386323,29.715271881394663,8.072574563886693,1156.4513629430157,487.6487149627002,93.53365766809797
221,203.1465856667351,31.539008844460295,6.406200790485244,1251.3105798176082,482.08299239893887,72.34540944123083
222,161.32734807408252,21.449158036716874,7.154910355113514,1174.0453322416083,467.62290971824206,72.00195433523183
223,186.86260190374514,23.259072889471433,7.316888440466049,1273.8810480887503,537.2095985749968,84.81202878339604
224,163.87284128810347,33.71632047011357,7.206899548725749,1261.5367484013054,490.93879133909485,79.12202307436115
225,175.28068134210565,30.854327190639708,6.907356170561146,1106.4561297955404,467.5313480839287,93.96313500427168
226,190.88950596967365,29.080083318236603,6.935089650133287,1308.5982116175032,566.0652016136506,87.86602559922939
227,180.64280019095463,30.092169665326967,7.021905735989555,1146.4036554885952,570.9801502256819,99.15550146377063
228,169.22255222070694,31.737908526808354,6.926498999185756,1280.8057798281145,469.97882171306475,87.11713868982737
229,172.84696290740033,27.301201598453193,7.481939558397455,1236.7287313401341,406.67300243196917,87.73846671386625
230,186.79597748934677,26.108476372988438,8.105261500795676,1383.8183676795122,550.3756844918461,83.7861913796633
231,172.69633368282862,30.979226275488408,6.721254107496083,1177.6534017628148,465.7685087119998,90.32337794482063
232,182.16458589581976,25.10813611192484,6.315098510210461,1165.0683203881802,539.5312799581384,89.51904276715739
233,180.45571839903815,32.04126377857236,6.9558589758243725,1198.0580394112267,401.4948091144082,97.28231270151136
234,173.48399652394184,21.4870819788108,8.289854668827159,1169.6820217165725,544.6298669149654,78.52180515861686
235,201.43944089325325,35.14577818662822,6.598162716015135,1279.994190194205,439.44140353596094,71.4055945001942
236,186.3391902231801,32.362987412065216,7.819558402722034,1038.3689391563412,536.5382059533263,87.20003035114449
237,159.74857413342392,31.28014867156938,7.838850407038221,1094.6317580853647,500.7136533918217,74.27417342666344
238,181.86454314769426,34.91345491972757,6.723205879146002,1093.2197078420807,452.30302903016775,91.83803132830818
239,173.3821353523161,38.32737222231288,7.284491539592637,1295.0307591973576,479.64818435366095,83.63230543204006
240,188.52433334796223,35.07185032509065,7.814198311564269,1371.0613372581925,534.315922847835,82.33282476912578
241,172.074792615673,20.795628843341774,6.8104361295062565,1189.5550781462528,505.2947226557617,81.92260210654607
242,178.852635585331,23.602115166321493,6.8982098199488195,1183.117827680999,529.2206490236242,91.9457998513966
243,185.04987278980457,26.875907111521606,6.709159543025678,1207.0052163113182,598.8220292257743,90.37183203684542
244,188.65755194170123,30.13045525105417,6.492621634653567,1316.187830260819,421.7879194144474,88.67510098051244
245,167.99703592944223,32.58829510234561,6.675361227466997,1107.2646865809427,580.8606287484312,83.7855469644316
246,176.6549876415905,26.371280934232672,6.388029866618872,1223.8368982734785,505.21779687616066,89.96641790891755
247,175.25054688839043,30.93383382238539,7.017041734129613,1297.519762978243,455.06079758384357,94.23150439535698
248,173.4667076742629,26.22308533823339,6.615013384470679,1250.1094169939845,433.4843187130505,87.76485993484968
249,197.65454240281096,26.942410985040258,7.1168929558953735,1218.9581616598743,490.54398046114835,78.70340380275243
250,184.04981710960956,22.96669451575889,6.2220521768981865,1300.1046092567142,546.082505596223,85.02713829064025
251,167.39116045664954,25.38383376944548,7.165440116107229,929.6767707000763,493.6225439811233,81.94779364555889
252,189.17861947054777,23.24157697191833,7.416764480804463,1267.7875319530908,575.5577465123674,81.97913509734825
253,201.22156197012634,25.120633735113337,6.003132178714273,1134.5924316872577,427.44121549742204,68.91473265855835
254,190.32465260551146,35.2682089830392,7.187028284923786,1016.9367103143543,499.39555260769725,83.4719969868304
255,164.80630034045987,25.253005555840286,7.613834496236646,1251.1202599524981,437.38032777934404,76.99013341511693
256,175.15765927133748,43.161910324186955,6.395179490654398,1337.3658545162957,518.1815941312484,78.97164640042251
257,192.66911149186623,32.466589504404446,7.836286193418852,1186.2551485372308,544.344369504865,80.68286803663506
258,172.9233053438122,30.92418061847437,7.209509504683022,1295.287454720294,478.9619103159473,90.95157720192272
259,184.43819428146227,25.708211099093933,6.647494072120796,1361.2278257988646,369.7893071686433,89.50748717823564
260,187.74634053429338,33.501549397044954,6.972115461171147,1331.4914453584047,509.94740733982474,88.6126873745174
261,170.73069528421917,27.12181086881113,7.279163456260862,1363.9964529371393,521.8369275866755,86.456688871726
262,179.404746439382,30.610049073226808,7.038002695706206,1274.2127491071892,520.2147377480849,98.60468388762416
263,147.58732659930928,42.800422691343975,7.269377996223184,1207.5433638901593,561.7891095911077,53.44001392684938
264,169.7561235866571,29.51970050137675,6.539663203460317,1039.8034188102831,446.44731601754756,86.97414010533544
265,177.4743184860684,35.74636663142838,7.084680412018039,1175.3937511870051,534.0108052725225,91.30454979454983
266,167.5221681803515,26.48411787437056,6.29314275154751,1115.675340468381,559.6253756238988,80.47199981245961
267,196.32411303931636,29.82505754751519,6.94438696932565,1417.0942717497815,411.07062079967415,83.22287935482707
268,165.69858622039368,38.85400317817755,6.5480461792676055,1182.4114187567664,515.9825912959489,74.58481393855416
269,175.59955513303015,26.865164711061162,6.632235028705117,1212.3204806784486,474.7910084496164,90.6258949876169
270,181.3074057728609,39.062242789984644,7.618046587605218,1255.1485376040469,495.9238663449177,86.54011849912835
271,194.41273289066115,33.538759677277376,7.545655060297134,1204.3602446372454,517.3838241769168,79.32023213057582
272,165.64137848820562,27.18766612052866,7.304569060453589,1369.5051040430753,475.6385717943224,81.30619930646634
273,191.6316375215496,33.1620386952776,6.45384361766371,1137.7350638265548,466.21459604191944,82.47554187149134
274,180.10233061019588,34.86277224813365,6.841795775152599,1219.4607455237242,501.70762087440124,94.24387601743346
275,170.18491348952048,33.10904981108598,7.606548849989592,1125.7529414301953,445.6377030568599,84.04311942848655
276,184.6210347426327,22.148876400547717,7.070858456819952,1067.9977488779293,445.70874355574074,87.17354937381526
277,181.9905969557347,26.364314120875658,8.159664769990847,1138.8230909094714,533.9686641478252,88.57539331518672
278,173.99783122841205,28.762406822242475,7.196658919697186,1196.2963202951587,442.5602982420672,91.7769434521686
279,180.6980208499002,29.62783285449977,7.096024558245015,1157.069777548274,533.3156250454606,98.44968921337451
280,176.1468640313824,33.10336048775339,6.845441767898749,1130.7579020126145,523.1295646426976,92.27071238312274
281,181.13517345251248,30.888505004666268,7.066770452391141,1059.3682536328165,413.7096635604702,97.64246928086554
282,186.62130674521046,23.323278206449494,6.923765081809728,1191.6894427371305,466.1217673832173,86.32079687028767
283,195.86016816145352,31.900989255029817,7.354054338344295,1049.5279625968997,559.7054701523687,80.4685708917952
284,167.62184501173152,33.05292872641912,7.478351158397292,1276.0055963689601,450.9417234430159,82.17716049332596
285,201.33033374656267,32.7989522396552,6.6070052697460255,1208.2439752934504,476.7797868845306,73.90574036251226
286,160.47912200477498,35.40390362777311,6.334383523221111,1054.244850053507,523.1030446625948,71.74713599310743
287,178.48214904964416,34.16961077274452,6.081897313448351,1169.0790922950137,539.1695254641297,89.7220248441414
288,185.88317206484575,32.29590039614219,7.253995663456272,1124.7843594409417,487.4230556977752,90.5509492217307
289,182.80991867735034,29.649171442706766,6.448316696913063,1231.917451041918,470.12449026541793,94.08083624992175
290,173.77300480179406,21.69519533242004,5.923554703523759,1334.0450446023144,571.1184930849254,80.08597365183289
291,177.91877749642725,32.14809109566293,7.194289302265482,1012.4827530354255,586.9449831898789,94.79923988943692
292,175.06999065341168,31.038438435815557,8.246499758716395,1211.5026079147417,548.9429025390898,87.79905342401416
293,174.10635243055788,31.357894185976868,6.996964544230053,1183.986720443336,504.26590712825123,92.73328096573127
294,188.49602097021025,23.616257120898453,7.419245387225821,1267.1340076450465,459.58671391795366,83.0240092145591
295,183.57015485965047,24.594717297958688,7.040914679273783,1221.319662823769,458.4777796721717,90.8199890419393
296,173.07090404739347,35.26576426666452,6.950555173404429,1124.803066826118,526.1257052632878,87.5579156477511
297,188.9959987543325,29.802224230716725,7.459538241493885,1168.0946064333382,520.9199110444342,88.50853426891479
298,183.0729952087661,33.40750348686312,6.854862727905674,1120.397414319651,570.0799296473215,92.79381494389916
299,188.12862118838962,30.141591880652307,7.133696157035952,1307.6007138598598,532.522504626807,91.06130614577833
300,186.29628841923613,30.148780697478728,7.160848903098007,1202.1311648671942,424.8459849120091,92.75068636779511
301,171.7100498907793,34.69141902987999,6.665954773178475,1390.1190685753008,552.597380886146,85.34840472679167
302,174.3981895980303,27.41977635891313,7.496021174768261,1193.933918618538,450.09696863427934,89.33786008310213
303,187.4729360512326,30.480603884704916,6.912520121652296,1129.1593233089536,480.8014364023824,91.60906067232395
304,186.10370265433465,27.688623556474788,6.622127420253578,1048.6285607387172,512.5100103125848,89.69555800340802
305,179.7909840603585,27.82751886283842,7.268254921785202,1019.6860323744055,599.7833744891982,96.27722831427091
306,181.17327383308782,28.454139382656802,6.550766009104481,1041.586405699451,655.4959278002681,95.03469559509139
307,192.77664895788425,31.110668858168566,7.014090578684564,1226.7126651011483,530.3361529568091,86.04222929052436
308,174.0842861116417,27.606256891682612,6.995440501677899,1250.8725023229933,490.8401690639806,91.6677455117138
309,185.4709738117004,36.278780627867604,7.542947782915789,1041.8809297967866,526.7252824240275,85.53550664585306
310,177.97807347566106,25.52696348890248,7.237349116439977,1289.5038314076116,544.3827712936918,92.31829138236365
311,177.8231879677278,29.065641779193204,6.987486520627428,1151.693894831656,483.9666187221404,96.82626235005813
312,190.9877685198719,27.801344708629124,7.408883149600143,1214.6793011985549,589.7605677956161,84.76916044075651
313,188.25416348988028,37.23488942176866,7.695103774508657,1361.2220628255425,511.5035379595701,81.03542821580777
314,188.13509636000637,30.982773882557872,7.2789051531759315,1289.6839315865532,524.8871544545697,89.4876039915561
315,193.0547880715433,35.159222697343175,7.005176309921691,1173.1469352094168,533.296212602723,81.76010768150506
316,180.2100384163276,22.57219813481514,6.34408188382492,1110.8807774584714,521.0793305307228,89.08256913761215
317,186.81952971294965,31.335251329346296,6.467443168462314,984.8184598670696,541.9470250234806,89.18243480001563
318,176.89733243406545,34.44815397811718,6.847387647822666,1128.084668075758,469.13734067265386,91.6861166950616
319,183.24166352488442,30.41141994637712,6.695243898920358,1178.8869761172305,472.08491230269846,94.82313602334025
320,178.69856945632316,35.32740187532676,6.906514348507277,1101.2820472848816,444.99228835141525,92.90373932353279
321,180.96995964992718,27.41355774949814,7.028324962448553,1186.8743032907696,521.9750615310113,96.3019732873282
322,185.95157025436913,37.0467372009279,7.264846377178365,1207.6851882958767,538.9468251756057,85.67746065881113
323,171.8177931676653,41.49449061809625,6.964750610970454,1177.5144018191922,522.8886433075943,80.14705560442131
324,200.9238727568546,28.185807197801704,7.243250821913101,1134.999741917654,583.7246216673768,76.04568033138162
325,169.93982618500297,27.77248739299614,7.0322372074050605,1216.8654671966729,499.7201990585477,87.55112754097381
326,167.8581138721227,37.2669223855885,6.012266716823064,1244.194064956941,533.4370827796256,75.6525250706495
327,191.58110873500067,37.89786072865356,6.530332303090622,1090.9600922557154,445.4149561930343,78.17269205179888
328,187.91662693962937,27.385699864233658,6.927956222139192,1341.093237974627,480.64501487627996,89.10885403530025
329,186.24119817052156,27.899065914520712,6.395152628579446,1190.1411867715738,534.7768878782889,88.63363088689638
330,186.2834550926428,28.591076955697464,7.299964364998102,1201.8849622944847,542.4551055371572,90.80780003806414
331,179.87753227153087,23.277747444828613,7.765375416171849,1270.8214423256557,485.3016526167909,89.32840263550023
332,171.02745628514168,25.40674026757901,7.609380925848658,1223.3216131263503,496.4200374070967,83.3872919234774
333,180.75804558193727,24.97929616623966,6.893278564534896,1295.3136633913246,424.10631266595954,93.68764340697687
334,173.2283828848789,26.161012174479357,7.745363068424976,1228.7124165201824,482.1485399596695,85.66257971723337
335,189.7511973341775,29.826575563066093,7.074333728601056,1138.7562625359562,544.5191581759893,89.7037095858833
336,178.5294261849786,31.171073662682602,6.83145701444098,1236.15035252061,528.7602508053283,96.5156375945009
337,171.74502803207488,37.75250246407038,6.69329866822953,1085.6273792679337,525.0332860690605,82.45901890915216
338,176.78614158347006,25.008229796306047,6.848765156755936,1210.8559705776522,502.488684359048,91.03819716355578
339,184.12931454275625,34.92161199238292,6.8059115907293855,1196.677000935554,500.3531579314088,89.97863141850776
340,174.36275447196024,28.930055778872454,7.085208111187744,1179.188314272746,466.98394302632767,92.86676969489397
341,171.77779604433567,29.752681451737836,7.080286990524932,1187.146248856107,534.9414210101268,91.12904254344883
342,182.4368721149191,33.37409746083302,7.001523010076707,1011.8150954502361,521.0486472194694,94.18141537386434
343,182.44966571108722,24.386389892188507,7.218469084873175,1145.1275092259039,524.60094239964,90.84437875673541
344,174.93056824628871,31.912048730920255,7.595323137393171,1209.2844901141116,473.69825786662096,90.04190382840261
345,175.28961694381678,30.83226104106528,7.4747770677206615,1215.98563919974,392.3328540064378,92.0834705641482
346,182.32049937357635,32.462256320040744,6.257551015775048,1097.2324859074042,554.8576355876847,91.50499938525813
347,165.51915658502676,31.44584321953909,5.723039432549022,1326.57078408647,476.0581271995798,77.6885105282328
348,165.92536225623445,42.276500699554475,7.467159955619637,1113.38251517855,456.86121179784396,71.31306177858178
349,172.81555778747565,26.81130007874342,6.316560650792289,1296.9457200526738,534.6739455956997,86.20966112018051
350,177.86552848288153,27.345015224990913,6.887617299053658,1242.7194361871684,480.39936800404354,94.64863020314074
351,183.10907565598004,26.88429736787618,6.41494348697032,1135.3772690156197,552.996819202331,90.84993914674774
352,194.75356216949552,27.222614404198726,6.09900978120999,1377.5310892609511,530.8502974788348,77.96410114075314
353,188.5765962320202,26.81306436346741,7.270731364102394,1080.636316824352,534.1784661600238,86.88281131093525
354,178.40061470036574,35.94508265553776,7.379577580151324,1291.9154173610002,431.7022144399733,90.55764414407136
355,179.8098379209731,37.102521239949276,6.71174479963664,1300.0582318042977,560.5971992693201,91.26604067920702
356,169.9747063536219,27.14626853125262,5.7044788539275455,1132.9379790923356,513.0625265616928,80.64336915451226
357,179.8148686400761,25.838222134478855,6.726877775873759,1339.246530006433,481.53614303768984,94.28747965392375
358,177.1134136107986,32.35707778193202,7.195902002701273,1174.9953485401047,507.16942336711253,93.77682581536021
359,183.2271856033809,27.238884778595143,6.260544215612936,1228.8693629279858,411.18823835508397,90.31442025327894
360,171.72769056447677,33.164659088777555,7.091679959889578,1226.0321838771222,520.4326405740335,88.10463167625133
361,185.19346514241172,31.0146151042565,6.992345075413502,1186.5691258529453,448.53142459089645,93.75364513039928
362,195.32738913002578,22.42127942501384,7.2896457498005445,1281.0808273159782,432.36648570782324,75.64566154598533
363,178.91239851543142,37.737526006650306,7.059790184207077,1279.3488720552214,423.88204068910545,90.87592158774572
364,184.0171172209894,38.97938836547761,6.513465529559222,1025.146802676182,555.6344187494963,84.5708220613291
365,186.90143991711113,26.93605654757807,7.598285750832246,1330.4340242878152,468.5368303153606,87.0431878763057
366,175.98779528114164,28.061492200320078,6.920735213486515,1033.7508011964326,576.686385495825,93.65296354889429
367,182.24092481810416,31.429326953624525,6.986347730245034,1303.2546204341656,473.20992684738513,96.26148687949649
368,180.12592400781796,31.672283949935125,6.533366020463402,1312.6705136827584,414.63210212035267,95.86862214456393
369,180.9767609854883,33.29272136336415,6.778358874404245,1090.9033569784801,444.173778002567,94.62231202316876
370,172.26990216144534,40.05102269383175,6.55759864298655,1158.9185712045414,561.790581000347,80.00687268254634
371,180.24510174258944,29.11526386252975,6.913526970038289,1089.4295331514065,492.20509110316664,98.43779697013176
372,184.9799829124545,26.00851377730773,7.855854240071172,1178.5078969711265,472.58563517547,86.74925966449737
373,194.5114360779504,23.103403859927365,6.314049428534322,1169.1965715814258,508.0009112926394,75.16221492464857
374,189.59270826085208,26.345349800290403,6.19321930106163,1277.966053226934,525.0891368083772,82.71873804474647
375,201.53182457511556,29.834365135631014,7.735585163746804,1331.0308746119608,555.8699407951231,74.62461474178143
376,172.32652437111952,38.97278931758894,6.895338161424067,1339.5683810789956,572.4249614946464,82.83042586065092
377,188.72320636720679,27.411943504819142,6.665463630670041,1143.7831973421698,482.0115677105457,87.01605529096256
378,181.8334200573835,31.118939758194493,7.519952343698038,1179.0778126255473,433.6976156958981,94.44787846593181
379,201.89802933217672,29.91788551963624,6.697192230131568,1031.6561807779049,479.32674194383617,76.50581733811737
380,171.91701714644847,35.94196636724042,7.913004856773468,1119.4129933503812,513.0140253291443,81.41002649534072
381,171.60278157819224,42.63466212936811,7.338962935669635,1296.4851633097458,451.81205368946945,77.27330477047596
382,174.0060735455598,27.345656135398396,6.756044295927149,1361.5582823548232,452.14245425524786,90.13195116059393
383,158.76104275690193,27.55280278740889,8.07865410663275,1076.5651128120078,517.1893940774943,70.92057501114706
384,174.7424497831924,35.22080438534536,6.697142538498331,1140.7535740847106,497.5673824214774,88.0073580903387
385,172.40867338446301,33.409457448131555,7.371047686004654,1197.3594243041073,501.6398497705793,87.1439775063082
386,181.50393786476207,39.23353662868017,7.149646290203246,1228.0161158819608,462.07523326499654,88.51429405554154
387,183.41755975777158,32.91964092662982,7.650870644699399,1119.0396480078355,488.47996428971163,90.4084460921016
388,198.76170839215885,28.203539546064704,7.7807555983634265,1242.406104446409,453.7883427865848,75.53805316208872
389,189.5042383818605,32.95327415346155,7.016002074532883,1152.6160652929084,544.5099205562393,87.46247709201354
390,174.23096344337597,35.54351790291454,6.623291064826908,1198.554772912172,551.7624667361877,86.80390086459596
391,171.01585328651643,34.10241090598682,7.2299860714695585,1254.6284248003699,407.6906068880953,85.7635120231818
392,184.91919171506507,32.53637015553649,6.661142315123947,1200.6422269810937,453.5244569903795,90.85014970501818
393,166.7976679297936,35.33337344794577,8.006693623763312,1156.361410947343,425.17353724549605,76.43082636303126
394,198.31458765854353,35.84647795222836,7.068267665541368,1189.039019607417,467.4988032796551,75.49759606152128
395,191.79440120721287,36.91079495518763,6.817339224343946,1191.1637040794665,495.82810151048193,80.38149995931921
396,175.30824347895296,33.24354943794821,7.092340152932454,1162.9988970117872,427.5177390150735,91.60299327634247
397,162.86865470909123,29.164409598415727,6.326436855235151,1174.1203937332898,453.90700934373433,78.66524858368271
398,193.53872374165414,30.733568432166614,6.514192980744674,1359.8647170504717,449.8021313959251,83.29867272990262
399,178.85460154747383,36.03254483254179,7.600206953972212,1256.091944794124,510.3633664699472,89.82102194507098
400,192.3781631197346,25.91532164506382,6.671552860514302,1170.451968197084,503.4672168518125,81.89492282790071
401,164.05572341205632,31.843366544364507,6.47654450865903,1269.6954404510736,463.9131223331373,79.59507941098697
402,174.00624977046226,28.033305938363196,7.268326376263643,1166.618051024399,508.8410436069699,90.69792382750724
403,180.05243699718184,30.143724114674086,7.592852077331498,1317.312463758664,472.66599577063675,96.83957850148659
404,180.4698059376474,36.39225931303649,7.359476655332533,1236.9642192198094,486.41724448369735,91.34055147265343
405,175.49934528520757,30.955495340099517,7.498023842902908,1189.269785599577,583.6726045149269,92.05373073059351
406,186.22849932347498,30.232182740780743,6.621602455715269,1244.7716925810278,567.0230525895174,91.64733021432062
407,169.32379570617405,23.200719295100406,6.289094666629078,1042.91238479315,435.02093815362014,78.96998833441985
408,178.57620514978706,33.731267830136105,7.750666825977744,1087.3232531090196,541.4866208939587,91.09160318976224
409,181.20295631711897,33.22742090570538,6.838660080578932,1080.6074993600944,540.5698277245796,94.76292318007032
410,185.14438834058748,40.8162736165273,6.874583491772476,1214.2943094763707,442.58683556236906,83.41225550174761
411,187.1161487808889,28.461108825234994,7.664097070924529,1373.2514999485093,540.938882187743,88.02447468972345
412,168.7535790816213,31.095751638319694,7.27811500470033,1423.1300146192632,576.8965959206276,86.26725241979995
413,164.65885829264377,31.246918418553776,7.227943886040804,1263.8051101440758,443.8727596877793,82.27222044388597
414,192.7767682189851,37.887266398817374,8.082501172450542,1250.0844474944456,454.1248589492868,73.92345951994483
415,183.3231401197959,29.523522338065238,6.678240884809928,1019.8942265847261,550.8830733421751,94.59158664231897
416,172.51513463443447,31.395107628851697,7.463920064040619,1145.732620026598,513.5747655412824,88.80042668537969
417,195.51151975522524,33.0394825485827,7.028506562448542,1121.221624809176,527.5738137619761,81.30646488394936
418,181.15674634292859,30.93304561578179,7.134296139431629,1137.9152401748884,517.0294608200248,97.23872734413148
419,191.79297184063827,27.767831927247357,7.764234213206266,1183.185618141521,519.5347960464072,82.15368902057776
420,180.6751848141011,30.97044996449154,7.2539178781448115,1152.7909422302873,433.67639358444586,97.0847758306833
421,200.60747924881986,35.36815874929886,7.269148039524817,1002.0700189624213,552.3658853310724,72.6786218042572
422,197.55340842443204,24.8674235029447,7.536253668654901,1274.7910256117534,558.4794996213886,74.63274673523816
423,177.51035851520928,30.66484837073438,6.817523635228557,1092.7256974260195,488.5304627965986,95.93312832061768
424,189.71570950954356,26.499395925304135,6.580395166330497,1223.9246864111149,497.8261525093069,84.68566224741306
425,186.45375949585147,35.97523314462421,6.4775954029894836,1407.4082669749973,423.4446248722139,84.95898437447174
426,193.68631557532348,22.384065476081126,6.016821705311999,1108.0615408413578,525.7127378008918,73.78185842731766
427,170.35076539419896,27.205390763642058,8.028103564970161,946.971247725367,528.6028720857072,82.41563833299021
428,186.86051459998438,31.886059375322603,6.448395817139159,1171.3995778119888,496.89044915003444,88.4954051103888
429,190.5842448684959,37.827620146171704,6.889373188207114,1310.0959634998571,556.2176679935251,81.03500092636797
430,162.41260513576884,29.67124869463506,6.861593350055539,1395.8347454220593,483.296138451003,81.39182058068161
431,168.16741487334224,27.22400236653401,7.153703348904551,1077.0450405547583,528.23029629468,84.62290049535349
432,159.607678222399,39.40578534720295,7.407868606269648,1249.6699223236521,449.01678306539424,68.1625498438478
433,177.30593165555442,22.75993049791878,7.430236744179872,1153.4689543219947,498.82239245628807,87.91467843257385
434,187.17542255795962,19.00597021689959,6.708461280715531,1189.4051645695865,491.2822871048582,80.37285406251762
435,195.02357052096028,32.200072250266665,6.916439143106794,1464.4343347017034,511.2653961020471,82.35855294430704
436,180.74094780419776,27.489728878236946,7.14128997524415,1049.7029671604846,481.52365355833206,96.04233119781844
437,196.28615545571293,24.893835914346433,6.875654436908227,1225.3739661494574,493.4263702164166,77.98595264317463
438,166.19898541785108,33.541782236496765,7.8036727880099965,1246.7693171765434,541.3023585720753,78.63883924130432
439,162.96617560644845,31.219003568855996,7.245487475819125,1308.5786324939347,478.16178813808915,80.51973465849682
440,179.44452301103382,27.179606846316357,7.367438893024909,1209.7983153470896,419.671144963066,94.78693539222564
441,183.84065448939307,23.59847800664553,7.331440634333706,1230.8050539504102,587.479195210271,88.10062034558393
442,179.67305251905907,34.36228664140072,7.5867369287426625,1160.8351432578208,569.0727039345243,92.37708123394505
443,159.32557899960125,33.251005889793305,7.090510779351853,1226.9126941245108,435.38686524471905,75.62201921304867
444,179.1087996048721,29.504120681103085,6.351584026022077,1165.680772450259,534.4853902622597,95.37084041608557
445,166.95530499495146,39.23318498023833,7.199843975876321,1262.157188985605,474.85126147243284,76.72290013533154
446,186.6967254883004,24.649576168369236,6.674321553104085,1163.0389663956366,513.1743607665529,86.32445844558927
447,183.66598246096848,22.372374145376305,6.735691659125122,1237.7100393902188,514.7112064506747,87.38484998003344
448,170.60120213672644,26.540459650593778,7.293182009377547,1197.073718631502,488.2796099841839,85.67575174043249
449,174.86133082663306,29.77206991822251,7.6191415357168175,1312.6050250772169,460.8117167206802,91.53769306627149
450,169.40786478111048,31.21669724661346,7.010635788368031,1194.8606276411513,465.472947384187,88.13798859265685
451,179.37320902726827,28.79381971071835,7.154416506299482,1022.6967531793118,454.19040422593787,97.39494620648922
452,189.55142320501238,31.760276982571483,7.851107472317619,1326.1921500713993,458.4088895884778,84.43276245082804
453,170.14273953664457,23.74230287904778,7.120376589744284,1109.426769913738,496.64108549753223,83.28315946697093
454,185.04046515517845,37.2188230203663,8.300841557090198,1134.623366135118,464.2120005444624,81.23650403900426
455,174.6974238162756,29.589244108037157,7.282754822815772,1140.433870595651,534.102603285631,92.87289381023389
456,172.07127167737656,35.58647915794064,6.1196186204220915,1337.4438093170818,574.3623077667963,82.08288562154638
457,178.92969640045442,31.71362673188852,7.376670810552266,986.4325786021304,470.99733793149784,95.33271561580456
458,169.64757677580627,32.28376609576892,7.190579192441389,1513.7748533659994,511.97022502676884,86.41091471783041
459,174.46350694652818,32.84883640116102,7.644876377041372,1305.6056809066051,524.9842555151467,88.3902886601603
460,168.0212210741115,32.23854280008658,7.336590675634979,1222.323891412916,523.6001135459637,84.09972489585003
461,199.6472513291639,33.21361379933772,6.930772008008113,1194.5105999383713,503.7977633958044,76.79299491153894
462,180.3526355197173,36.64576265066216,6.387850881855317,1228.5554074857657,537.1341209179861,89.94085623889713
463,173.00274492007415,30.98260584850735,6.895488371356987,1252.1122428379338,524.1124476340328,91.49758092835174
464,182.1397991073422,33.54501878794256,6.57473977289535,1264.5215585950057,438.1168788836351,92.18888096919198
465,178.8767195030917,29.551321528563868,6.709738275097639,1255.560446600345,543.4578032194637,96.97673240714376
466,177.79030400466777,37.200586077247365,7.2942892022103045,1208.958068125525,544.3645418633371,89.11827191636888
467,186.14166700043424,26.61803848970365,7.834952252175703,1180.2661579692674,461.8356947910709,86.3016102283909
468,187.57507710047304,39.004702164554075,7.19733576491149,1184.872671634649,501.8968917723801,82.43354191041543
469,174.69498852389472,29.799210246778284,6.402058468982408,1180.5091719647319,534.1664496405534,91.50449111558505
470,174.2418175935532,22.84612448940976,7.22230133411007,1313.3770096867065,489.5343090210319,85.97643541241261
471,177.24948302848355,30.640522074553946,7.598315743322826,1259.3556722280862,553.6489023883006,93.61738223731548
472,156.98078835264414,26.594741712625595,6.6951085478403085,905.961136533572,618.193624730968,72.05107280447127
473,164.8480893780145,34.20321774494362,6.932991416663541,1265.590077652976,460.70069836825087,80.30982871638857
474,193.66874267444524,26.736880103488044,7.007344097364599,1219.4736194718776,430.94776984231123,83.0314169422198
475,196.44967713501285,27.769082833926102,6.60755084345888,1198.1291243554103,515.1909297802438,79.35715991620766
476,177.50963960443622,20.552296345272346,7.324140216921929,1161.1481546911114,536.0781252563072,86.4412348650989
477,185.76556963055765,27.738468403754617,6.939525925696109,1312.4112719986013,488.4566813077615,91.6705284016775
478,183.11250154543535,17.88060336685522,7.2097662219535135,1294.7526462122858,572.6630331660517,83.7192707116523
479,210.7888080845524,22.080485882571384,6.55625391109895,1122.712233217639,433.06971001383755,59.07294735351375
480,191.19574911434577,33.80207328072149,6.781270849838295,1240.7052287124536,534.6459311515805,83.90853185412422
481,178.72082408519233,33.92900079325416,7.361190678913886,1102.8343265458714,469.70695896205535,92.98586989736874
482,170.44459559399576,32.12728780892483,6.813583423954117,1062.038183521107,585.9688953103648,87.38522490484152
483,163.93553679742428,25.165119284353935,7.863481925616703,1137.3282775410034,599.625767658406,74.7832464536947
484,182.03463635867223,29.7614432192901,6.800181907192699,1286.239347238276,461.6671706108326,96.72771639658137
485,172.43649254715697,29.981987304547157,7.112342362875943,1295.3125045376087,472.52214320457097,91.85676803732443
486,165.77746290402325,24.208176554037287,7.466295415936545,1251.3085420097293,542.9793943489901,77.65416237837782
487,173.53427115757472,37.51699150883575,6.290817133533484,1272.5095786847996,480.64346751052426,82.47136531640639
488,169.18451996385605,34.386811452878355,6.119595594009612,1251.6178287114958,497.7294391033881,80.39568648102575
489,196.87141635072564,28.89517913085168,6.237171842714953,1135.8518404777049,501.26942102712053,78.20962199370081
490,188.8163975694945,30.134429194972654,7.631292051713591,1243.1922544673942,404.0163421901172,87.89271297696487
491,179.92027358683382,31.04191403973776,6.724070927053777,1280.0409525227683,499.3081126952881,97.49871418236494
492,194.79944138890025,19.791325657878545,8.279099642834126,1275.4291329813575,465.5136112967913,68.59638605480767
493,180.77368307647617,28.764113087397014,6.717876200671306,1318.8913371474644,475.3438588800114,96.57981101427737
494,171.38715798671737,26.590078760011007,7.092275651598518,1270.8303847201064,572.1816001734408,87.51585848873579
495,195.23124077269657,24.991899950525422,7.771054976283938,1235.1448207541582,437.1746552860372,75.90538429640917
496,185.38910043684658,28.594498535570224,8.003046444079562,1307.0150238316428,540.6602593373989,88.19016587832584
497,169.62753845673544,38.988432634247616,8.030751788318199,1197.347874075094,486.05185348340956,75.48534688089683
498,178.0966132191639,33.20421430633505,7.604183115296571,1111.8125348772282,486.0119915752083,91.87148333634602
499,171.24381746615242,27.144105051086015,7.512031262905731,1183.6933036056237,539.5185948025855,85.82776620270978
500,166.17200269035663,32.86291390678079,7.296263474600591,1125.509735519355,517.0025647284446,81.8277714105729
